module,n_users,n_bare_users,users,bare_users
al_c,12,1,src/contaminant/CMmod.f90;src/driver/rest.f90;src/driver/run_sim.f90;src/evapotranspiration/ETmod.f90;src/frame/FRmod.f90;src/overland_channel/OCQDQMOD.F90;src/overland_channel/OCmod.f90;src/overland_channel/ZQmod.f90;src/snow/SMmod.f90;src/subsurface/VSmod.f90;src/util/utilsmod.f90;src/visualisation/visualisation_interface_left.f90,src/contaminant/CMmod.f90
al_d,13,0,src/Shetran.f90;src/contaminant/CMmod.f90;src/driver/rest.f90;src/driver/run_sim.f90;src/evapotranspiration/ETmod.f90;src/frame/FRmod.f90;src/overland_channel/OCQDQMOD.F90;src/overland_channel/OCmod.f90;src/overland_channel/OCmod2.f90;src/overland_channel/ZQmod.f90;src/snow/SMmod.f90;src/subsurface/VSmod.f90;src/visualisation/visualisation_interface_left.f90,
al_g,10,1,src/contaminant/CMmod.f90;src/driver/rest.f90;src/driver/run_sim.f90;src/evapotranspiration/ETmod.f90;src/frame/FRmod.f90;src/overland_channel/OCQDQMOD.F90;src/overland_channel/OCmod.f90;src/subsurface/VSmod.f90;src/util/utilsmod.f90;src/visualisation/visualisation_interface_left.f90,src/contaminant/CMmod.f90
bk_cw,2,1,src/contaminant/CMmod.f90;src/frame/FRmod.f90,src/contaminant/CMmod.f90
cmmod,2,0,src/driver/run_sim.f90;src/frame/FRmod.f90,
colm_c1,3,2,src/contaminant/CMmod.f90;src/driver/run_sim.f90;src/frame/FRmod.f90,src/contaminant/CMmod.f90;src/frame/FRmod.f90
colm_c2,1,1,src/contaminant/CMmod.f90,src/contaminant/CMmod.f90
colm_cc,1,1,src/contaminant/CMmod.f90,src/contaminant/CMmod.f90
colm_cc1,1,1,src/contaminant/CMmod.f90,src/contaminant/CMmod.f90
colm_cg,3,1,src/contaminant/CMmod.f90;src/driver/run_sim.f90;src/frame/FRmod.f90,src/contaminant/CMmod.f90
colm_co,3,1,src/contaminant/CMmod.f90;src/driver/run_sim.f90;src/frame/FRmod.f90,src/contaminant/CMmod.f90
const_sy,4,2,src/frame/FRmod.f90;src/overland_channel/OCmod.f90;src/sediment/SYmod.f90;src/visualisation/visualisation_interface_left.f90,src/overland_channel/OCmod.f90;src/sediment/SYmod.f90
cont_cc,4,1,src/contaminant/CMmod.f90;src/driver/run_sim.f90;src/frame/FRmod.f90;src/visualisation/visualisation_interface_left.f90,src/contaminant/CMmod.f90
etmod,3,0,src/driver/rest.f90;src/driver/run_sim.f90;src/frame/FRmod.f90,
frmod,3,0,src/Shetran.f90;src/driver/rest.f90;src/driver/run_sim.f90,
getdirqq,1,0,src/Shetran.f90,
h5im,1,1,src/visualisation/visualisation_hdf5.f90,src/visualisation/visualisation_hdf5.f90
h5lt,1,1,src/visualisation/visualisation_hdf5.f90,src/visualisation/visualisation_hdf5.f90
hdf5,1,1,src/visualisation/visualisation_hdf5.f90,src/visualisation/visualisation_hdf5.f90
ieee_arithmetic,1,0,src/visualisation/visualisation_read_parser.f90,
ifwin,1,1,src/driver/getdirqq.f90,src/driver/getdirqq.f90
is_cc,2,1,src/contaminant/CMmod.f90;src/frame/FRmod.f90,src/contaminant/CMmod.f90
iso_c_binding,4,0,src/visualisation/visualisation_hdf5.f90;src/visualisation/visualisation_interface_right.f90;src/visualisation/visualisation_metadata.f90;src/visualisation/visualisation_structure.f90,
iso_fortran_env,3,0,src/driver/run_sim.f90;src/frame/FRmod.f90;src/visualisation/visualisation_read_parser.f90,
link_cc,1,1,src/contaminant/CMmod.f90,src/contaminant/CMmod.f90
link_cc1,2,2,src/contaminant/CMmod.f90;src/contaminant/link/link_cw.f90,src/contaminant/CMmod.f90;src/contaminant/link/link_cw.f90
link_cw,2,1,src/contaminant/CMmod.f90;src/frame/FRmod.f90,src/contaminant/CMmod.f90
mnmod,1,0,src/contaminant/CMmod.f90,
mod_error,29,0,src/contaminant/CMmod.f90;src/contaminant/CONT_CC.F90;src/contaminant/column/colm_cg.f90;src/contaminant/column/colm_co.f90;src/core/state/AL_C.F90;src/driver/rest.f90;src/driver/run_sim.f90;src/evapotranspiration/ETmod.f90;src/frame/FRmod.f90;src/nitrate/MNmod.f90;src/overland_channel/OCmod.f90;src/overland_channel/OCmod2.f90;src/overland_channel/ZQmod.f90;src/sediment/SYmod.f90;src/snow/SMmod.f90;src/subsurface/VSmod.f90;src/util/mod_load_filedata.f90;src/util/utilsmod.f90;src/visualisation/visualisation_extras.f90;src/visualisation/visualisation_hdf5.f90;src/visualisation/visualisation_interface_centre.f90;src/visualisation/visualisation_interface_left.f90;src/visualisation/visualisation_interface_right.f90;src/visualisation/visualisation_map.f90;src/visualisation/visualisation_metadata.f90;src/visualisation/visualisation_pass.f90;src/visualisation/visualisation_read.f90;src/visualisation/visualisation_read_parser.f90;src/visualisation/visualisation_structure.f90,
mod_load_filedata,8,0,src/Shetran.f90;src/contaminant/CMmod.f90;src/evapotranspiration/ETmod.f90;src/frame/FRmod.f90;src/nitrate/MNmod.f90;src/overland_channel/OCmod.f90;src/sediment/SYmod.f90;src/subsurface/VSmod.f90,
mod_parameters,31,3,src/contaminant/CONT_CC.F90;src/contaminant/column/colm_cg.f90;src/contaminant/column/colm_co.f90;src/core/sglobal.f90;src/core/state/AL_C.F90;src/driver/getdirqq.f90;src/driver/rest.f90;src/driver/run_sim.f90;src/evapotranspiration/ETmod.f90;src/frame/FRmod.f90;src/nitrate/MNmod.f90;src/overland_channel/OCmod.f90;src/overland_channel/OCmod2.f90;src/overland_channel/ZQmod.f90;src/sediment/SYmod.f90;src/snow/SMmod.f90;src/subsurface/VSmod.f90;src/util/mod_error.f90;src/util/mod_load_filedata.f90;src/util/tolerance_testing.f90;src/util/utilsmod.f90;src/visualisation/visualisation_extras.f90;src/visualisation/visualisation_hdf5.f90;src/visualisation/visualisation_interface_centre.f90;src/visualisation/visualisation_interface_left.f90;src/visualisation/visualisation_interface_right.f90;src/visualisation/visualisation_map.f90;src/visualisation/visualisation_metadata.f90;src/visualisation/visualisation_pass.f90;src/visualisation/visualisation_read_parser.f90;src/visualisation/visualisation_structure.f90,src/driver/getdirqq.f90;src/overland_channel/ZQmod.f90;src/util/mod_load_filedata.f90
oc_row_width,1,0,src/overland_channel/OCmod.f90,
ocmod,3,0,src/Shetran.f90;src/driver/run_sim.f90;src/frame/FRmod.f90,
ocmod2,9,0,src/contaminant/CMmod.f90;src/driver/rest.f90;src/driver/run_sim.f90;src/evapotranspiration/ETmod.f90;src/frame/FRmod.f90;src/overland_channel/OCQDQMOD.F90;src/overland_channel/OCmod.f90;src/subsurface/VSmod.f90;src/visualisation/visualisation_interface_left.f90,
ocqdqmod,3,0,src/driver/run_sim.f90;src/frame/FRmod.f90;src/overland_channel/OCmod.f90,
plant_cc,2,2,src/contaminant/CMmod.f90;src/frame/FRmod.f90,src/contaminant/CMmod.f90;src/frame/FRmod.f90
rest,2,0,src/Shetran.f90;src/driver/run_sim.f90,
run_sim,1,0,src/Shetran.f90,
sed_co,2,1,src/contaminant/CMmod.f90;src/frame/FRmod.f90,src/contaminant/CMmod.f90
sed_cs,4,1,src/contaminant/CMmod.f90;src/driver/run_sim.f90;src/frame/FRmod.f90;src/visualisation/visualisation_interface_left.f90,src/contaminant/CMmod.f90
sglobal,36,13,src/Shetran.f90;src/contaminant/CMmod.f90;src/contaminant/CONT_CC.F90;src/contaminant/bk_cw.f90;src/contaminant/column/colm_c2.f90;src/contaminant/column/colm_cc.f90;src/contaminant/column/colm_cc1.f90;src/contaminant/column/colm_cg.f90;src/contaminant/column/colm_co.f90;src/contaminant/link/link_cc.f90;src/contaminant/link/link_cc1.f90;src/contaminant/link/link_cw.f90;src/contaminant/plant_cc.f90;src/contaminant/sed_co.f90;src/core/state/AL_C.F90;src/core/state/AL_D.f90;src/core/state/AL_G.F90;src/driver/getdirqq.f90;src/driver/rest.f90;src/driver/run_sim.f90;src/evapotranspiration/ETmod.f90;src/frame/FRmod.f90;src/nitrate/MNmod.f90;src/overland_channel/OCQDQMOD.F90;src/overland_channel/OCmod.f90;src/overland_channel/OCmod2.f90;src/overland_channel/ZQmod.f90;src/sediment/SED_CS.F90;src/sediment/SYmod.f90;src/snow/SMmod.f90;src/subsurface/VSmod.f90;src/util/mod_error.f90;src/util/mod_load_filedata.f90;src/util/tolerance_testing.f90;src/util/utilsmod.f90;src/visualisation/visualisation_interface_left.f90,src/Shetran.f90;src/driver/rest.f90;src/driver/run_sim.f90;src/evapotranspiration/ETmod.f90;src/frame/FRmod.f90;src/overland_channel/OCQDQMOD.F90;src/overland_channel/OCmod.f90;src/overland_channel/OCmod2.f90;src/sediment/SYmod.f90;src/snow/SMmod.f90;src/subsurface/VSmod.f90;src/util/mod_load_filedata.f90;src/util/utilsmod.f90
smmod,3,0,src/driver/run_sim.f90;src/evapotranspiration/ETmod.f90;src/frame/FRmod.f90,
stdlib_strings,1,0,src/util/mod_error.f90,
stdlib_system,3,0,src/Shetran.f90;src/driver/getdirqq.f90;src/frame/FRmod.f90,
symod,1,0,src/driver/run_sim.f90,
tolerance_testing,10,0,src/contaminant/CMmod.f90;src/evapotranspiration/ETmod.f90;src/frame/FRmod.f90;src/overland_channel/OCmod.f90;src/overland_channel/OCmod2.f90;src/sediment/SYmod.f90;src/snow/SMmod.f90;src/subsurface/VSmod.f90;src/util/mod_load_filedata.f90;src/util/utilsmod.f90,
utilsmod,8,0,src/contaminant/CMmod.f90;src/driver/rest.f90;src/evapotranspiration/ETmod.f90;src/frame/FRmod.f90;src/nitrate/MNmod.f90;src/overland_channel/OCmod.f90;src/sediment/SYmod.f90;src/subsurface/VSmod.f90,
visualisation_hdf5,1,0,src/visualisation/visualisation_interface_far_right.f90,
visualisation_interface_centre,1,0,src/visualisation/visualisation_interface_right.f90,
visualisation_interface_far_right,1,0,src/visualisation/visualisation_interface_right.f90,
visualisation_interface_left,2,0,src/driver/run_sim.f90;src/visualisation/visualisation_interface_centre.f90,
visualisation_interface_right,2,0,src/Shetran.f90;src/driver/run_sim.f90,
visualisation_map,1,0,src/visualisation/visualisation_hdf5.f90,
visualisation_metadata,3,0,src/visualisation/visualisation_hdf5.f90;src/visualisation/visualisation_interface_far_right.f90;src/visualisation/visualisation_map.f90,
visualisation_pass,4,0,src/visualisation/visualisation_hdf5.f90;src/visualisation/visualisation_interface_far_right.f90;src/visualisation/visualisation_map.f90;src/visualisation/visualisation_metadata.f90,
visualisation_read,1,0,src/visualisation/visualisation_metadata.f90,
visualisation_read_parser,1,0,src/visualisation/visualisation_read.f90,
visualisation_structure,3,0,src/visualisation/visualisation_hdf5.f90;src/visualisation/visualisation_interface_far_right.f90;src/visualisation/visualisation_metadata.f90,
vsmod,2,0,src/driver/run_sim.f90;src/frame/FRmod.f90,
zqmod,2,0,src/frame/FRmod.f90;src/overland_channel/OCmod2.f90,
