name,module,owner_file,kind,start,end,nested,n_refs_confirmed,refs_confirmed,n_refs_possible,refs_possible
CMRD,CMmod,src/contaminant/CMmod.f90,subroutine,146,610,False,1,src/frame/FRmod.f90,0,
CMSIM,CMmod,src/contaminant/CMmod.f90,subroutine,650,744,False,1,src/driver/run_sim.f90,0,
COLM,CMmod,src/contaminant/CMmod.f90,subroutine,787,1041,False,0,,0,
COLMSM,CMmod,src/contaminant/CMmod.f90,subroutine,1086,1421,False,0,,0,
COLMW,CMmod,src/contaminant/CMmod.f90,subroutine,1468,1810,False,0,,0,
DISP,CMmod,src/contaminant/CMmod.f90,function,1821,1838,False,0,,0,
LINKSM,CMmod,src/contaminant/CMmod.f90,subroutine,1881,2145,False,0,,0,
LINKW,CMmod,src/contaminant/CMmod.f90,subroutine,2189,2458,False,0,,0,
LINK,CMmod,src/contaminant/CMmod.f90,subroutine,2489,2663,False,0,,0,
PHI,CMmod,src/contaminant/CMmod.f90,function,2674,2693,False,0,,0,
PLCOLM,CMmod,src/contaminant/CMmod.f90,subroutine,2728,2848,False,0,,0,
SLVCLM,CMmod,src/contaminant/CMmod.f90,subroutine,2871,2917,False,0,,0,
RET,CMmod,src/contaminant/CMmod.f90,subroutine,2942,2992,False,0,,0,
SNL3,CMmod,src/contaminant/CMmod.f90,subroutine,3026,3136,False,0,,0,
FRET,CMmod,src/contaminant/CMmod.f90,subroutine,3162,3226,False,0,,0,
PLANT,CMmod,src/contaminant/CMmod.f90,subroutine,3248,3302,False,0,,0,
PLPREP,CMmod,src/contaminant/CMmod.f90,subroutine,3314,3340,False,0,,0,
initialise_cont_cc,CONT_CC,src/contaminant/CONT_CC.F90,subroutine,108,141,False,1,src/driver/run_sim.f90,0,
initialise_colm_cg,COLM_CG,src/contaminant/column/colm_cg.f90,subroutine,109,136,False,1,src/driver/run_sim.f90,0,
deallocate_colm_cg,COLM_CG,src/contaminant/column/colm_cg.f90,subroutine,159,174,False,1,src/driver/run_sim.f90,0,
initialise_colm_co,COLM_CO,src/contaminant/column/colm_co.f90,subroutine,128,167,False,1,src/driver/run_sim.f90,0,
initialise_al_c,AL_C,src/core/state/AL_C.F90,subroutine,209,242,False,1,src/subsurface/VSmod.f90,0,
initialise_al_c2,AL_C,src/core/state/AL_C.F90,subroutine,267,290,False,1,src/subsurface/VSmod.f90,0,
initialise_al_c3,AL_C,src/core/state/AL_C.F90,subroutine,311,321,False,1,src/frame/FRmod.f90,0,
get_dir_and_catch,GETDIRQQ,src/driver/getdirqq.f90,subroutine,137,408,False,1,src/Shetran.f90,0,
derive_catch_from_filename,GETDIRQQ,src/driver/getdirqq.f90,function,337,355,True,0,,0,
print_usage_and_stop,GETDIRQQ,src/driver/getdirqq.f90,subroutine,370,377,True,0,,0,
set_error_mode_from_arguments,GETDIRQQ,src/driver/getdirqq.f90,subroutine,395,406,True,0,,0,
get_current_dir,GETDIRQQ,src/driver/getdirqq.f90,subroutine,422,435,False,0,,0,
handle_command_line_error,GETDIRQQ,src/driver/getdirqq.f90,subroutine,449,458,False,0,,0,
comdlger,GETDIRQQ,src/driver/getdirqq.f90,subroutine,489,537,False,0,,0,
extra_output,rest,src/driver/rest.f90,subroutine,114,171,False,1,src/Shetran.f90,0,
BALWAT,rest,src/driver/rest.f90,subroutine,239,321,False,1,src/driver/run_sim.f90,0,
READ_DATED_RECORD,rest,src/driver/rest.f90,subroutine,363,440,False,0,,0,
RESIZE_MET_RECORD,rest,src/driver/rest.f90,subroutine,453,472,False,0,,0,
METIN,rest,src/driver/rest.f90,subroutine,566,1020,False,0,,0,
TMSTEP,rest,src/driver/rest.f90,subroutine,1079,1388,False,1,src/driver/run_sim.f90,0,
SIMULATION,run_sim,src/driver/run_sim.f90,subroutine,191,413,False,1,src/Shetran.f90,0,
INITIALISE_ETMOD,ETmod,src/evapotranspiration/ETmod.f90,subroutine,178,259,False,1,src/frame/FRmod.f90,0,
ET,ETmod,src/evapotranspiration/ETmod.f90,subroutine,381,655,False,0,,0,
ETCHK2,ETmod,src/evapotranspiration/ETmod.f90,subroutine,691,707,False,0,,0,
ETIN,ETmod,src/evapotranspiration/ETmod.f90,subroutine,777,863,False,0,,0,
ETSIM,ETmod,src/evapotranspiration/ETmod.f90,subroutine,918,962,False,1,src/driver/run_sim.f90,0,
FRDIM,FRmod,src/frame/FRmod.f90,subroutine,258,533,False,0,,0,
FRIND,FRmod,src/frame/FRmod.f90,subroutine,621,1228,False,0,,0,
FRINIT,FRmod,src/frame/FRmod.f90,subroutine,1272,1409,False,1,src/driver/run_sim.f90,0,
FRLTL,FRmod,src/frame/FRmod.f90,subroutine,1445,1496,False,0,,0,
FRMB,FRmod,src/frame/FRmod.f90,subroutine,1636,1775,False,1,src/driver/run_sim.f90,0,
FROPEN,FRmod,src/frame/FRmod.f90,subroutine,1838,2136,False,1,src/Shetran.f90,0,
read_rundata_record,FRmod,src/frame/FRmod.f90,subroutine,2062,2086,True,0,,0,
unit_context,FRmod,src/frame/FRmod.f90,function,2095,2101,True,0,,0,
stop_eof_error,FRmod,src/frame/FRmod.f90,subroutine,2111,2115,True,0,,0,
stop_rundata_open_error,FRmod,src/frame/FRmod.f90,subroutine,2128,2134,True,0,,0,
FROUTPUT,FRmod,src/frame/FRmod.f90,subroutine,2210,3057,False,2,src/Shetran.f90;src/driver/run_sim.f90,0,
initialise_output,FRmod,src/frame/FRmod.f90,subroutine,2281,2339,True,0,,0,
initialise_extra_discharge_points,FRmod,src/frame/FRmod.f90,subroutine,2357,2381,True,0,,0,
allocate_extra_discharge,FRmod,src/frame/FRmod.f90,subroutine,2394,2431,True,0,,0,
initialise_extra_water_table_output,FRmod,src/frame/FRmod.f90,subroutine,2451,2502,True,0,,0,
find_mass_balance_outlet,FRmod,src/frame/FRmod.f90,subroutine,2515,2531,True,0,,0,
write_discharge_header,FRmod,src/frame/FRmod.f90,subroutine,2543,2557,True,0,,0,
initialise_sediment_output,FRmod,src/frame/FRmod.f90,subroutine,2570,2596,True,0,,0,
initialise_contaminant_output,FRmod,src/frame/FRmod.f90,subroutine,2608,2620,True,0,,0,
write_main_output,FRmod,src/frame/FRmod.f90,subroutine,2634,2667,True,0,,0,
sample_current_values,FRmod,src/frame/FRmod.f90,subroutine,2681,2718,True,0,,0,
accumulate_interval,FRmod,src/frame/FRmod.f90,subroutine,2731,2752,True,0,,0,
write_completed_regular_outputs,FRmod,src/frame/FRmod.f90,subroutine,2765,2791,True,0,,0,
restart_accumulators,FRmod,src/frame/FRmod.f90,subroutine,2803,2825,True,0,,0,
write_regular_outputs,FRmod,src/frame/FRmod.f90,subroutine,2840,2899,True,0,,0,
timestamp_from_output_hour,FRmod,src/frame/FRmod.f90,function,2911,2920,True,0,,0,
write_periodic_mass_balance,FRmod,src/frame/FRmod.f90,subroutine,2934,2957,True,0,,0,
write_final_state,FRmod,src/frame/FRmod.f90,subroutine,2970,3000,True,0,,0,
write_checked,FRmod,src/frame/FRmod.f90,subroutine,3009,3016,True,0,,0,
stop_on_io_error,FRmod,src/frame/FRmod.f90,subroutine,3028,3037,True,0,,0,
fatal_on_io_error,FRmod,src/frame/FRmod.f90,subroutine,3049,3055,True,0,,0,
write_dis,FRmod,src/frame/FRmod.f90,subroutine,3070,3080,False,0,,0,
write_dis2,FRmod,src/frame/FRmod.f90,subroutine,3094,3111,False,0,,0,
res_write_check,FRmod,src/frame/FRmod.f90,subroutine,3125,3130,False,0,,0,
FRRESC,FRmod,src/frame/FRmod.f90,subroutine,3168,3396,False,0,,0,
FRRESP,FRmod,src/frame/FRmod.f90,subroutine,3456,3699,False,1,src/driver/run_sim.f90,0,
FRSORT,FRmod,src/frame/FRmod.f90,subroutine,3729,3926,False,1,src/driver/run_sim.f90,0,
INBK,FRmod,src/frame/FRmod.f90,subroutine,3970,4193,False,0,,0,
INCM,FRmod,src/frame/FRmod.f90,subroutine,4352,4885,False,1,src/driver/run_sim.f90,0,
INET,FRmod,src/frame/FRmod.f90,subroutine,4969,5259,False,0,,0,
INFR,FRmod,src/frame/FRmod.f90,subroutine,5318,5663,False,0,,0,
INPL,FRmod,src/frame/FRmod.f90,subroutine,5695,5762,False,0,,0,
INSM,FRmod,src/frame/FRmod.f90,subroutine,5799,5903,False,0,,0,
DINET,FRmod,src/frame/FRmod.f90,subroutine,5919,5933,False,0,,0,
DINOC,FRmod,src/frame/FRmod.f90,subroutine,5949,5955,False,0,,0,
DOCIN,FRmod,src/frame/FRmod.f90,subroutine,5967,5971,False,0,,0,
MUERR2,FRmod,src/frame/FRmod.f90,subroutine,5997,6084,False,0,,0,
mnamm,MNmod,src/nitrate/MNmod.f90,subroutine,199,339,False,0,,0,
mnco2,MNmod,src/nitrate/MNmod.f90,subroutine,365,430,False,0,,0,
MNISINITIALISED,MNmod,src/nitrate/MNmod.f90,function,433,435,False,1,src/contaminant/CMmod.f90,0,
MNALLOCATE,MNmod,src/nitrate/MNmod.f90,subroutine,444,599,False,0,,0,
MNINITIALISE,MNmod,src/nitrate/MNmod.f90,subroutine,613,732,False,1,src/contaminant/CMmod.f90,0,
MNCONT,MNmod,src/nitrate/MNmod.f90,subroutine,768,850,False,1,src/contaminant/CMmod.f90,0,
mnedth,MNmod,src/nitrate/MNmod.f90,subroutine,884,945,False,0,,0,
mnemph,MNmod,src/nitrate/MNmod.f90,subroutine,973,1019,False,0,,0,
mnemt,MNmod,src/nitrate/MNmod.f90,subroutine,1048,1104,False,0,,0,
mnenph,MNmod,src/nitrate/MNmod.f90,subroutine,1136,1183,False,0,,0,
mnent,MNmod,src/nitrate/MNmod.f90,subroutine,1212,1268,False,0,,0,
MNERR0,MNmod,src/nitrate/MNmod.f90,subroutine,1283,1417,False,0,,0,
MNERR1,MNmod,src/nitrate/MNmod.f90,subroutine,1435,1682,False,0,,0,
MNERR2,MNmod,src/nitrate/MNmod.f90,subroutine,1701,2046,False,0,,0,
MNERR3,MNmod,src/nitrate/MNmod.f90,subroutine,2064,2279,False,0,,0,
MNERR4,MNmod,src/nitrate/MNmod.f90,subroutine,2293,2387,False,0,,0,
MNGAM,MNmod,src/nitrate/MNmod.f90,subroutine,2427,2508,False,0,,0,
MNINIT,MNmod,src/nitrate/MNmod.f90,subroutine,2530,2731,False,0,,0,
MNINT2,MNmod,src/nitrate/MNmod.f90,subroutine,2787,3012,False,0,,0,
mnlthm,MNmod,src/nitrate/MNmod.f90,subroutine,3050,3172,False,0,,0,
mnltn,MNmod,src/nitrate/MNmod.f90,subroutine,3209,3318,False,0,,0,
MNMAIN,MNmod,src/nitrate/MNmod.f90,subroutine,3335,3460,False,0,,0,
mnman,MNmod,src/nitrate/MNmod.f90,subroutine,3492,3606,False,0,,0,
mnnit,MNmod,src/nitrate/MNmod.f90,subroutine,3673,3813,False,0,,0,
MNOUT,MNmod,src/nitrate/MNmod.f90,subroutine,3846,4075,False,0,,0,
MNPLANTINITIALISE,MNmod,src/nitrate/MNmod.f90,subroutine,4166,4233,False,0,,0,
mnplant,MNmod,src/nitrate/MNmod.f90,subroutine,4235,4323,False,0,,0,
MNRED1,MNmod,src/nitrate/MNmod.f90,subroutine,4349,4805,False,0,,0,
MNRED2,MNmod,src/nitrate/MNmod.f90,subroutine,4826,4963,False,0,,0,
MNTEMP,MNmod,src/nitrate/MNmod.f90,subroutine,5021,5137,False,0,,0,
OCQDQ,ocqdqmod,src/overland_channel/OCQDQMOD.F90,subroutine,149,359,False,1,src/overland_channel/OCmod.f90,0,
fstr,ocqdqmod,src/overland_channel/OCQDQMOD.F90,function,371,382,False,0,,0,
fdqq,ocqdqmod,src/overland_channel/OCQDQMOD.F90,function,394,405,False,0,,0,
OCINI,OCmod,src/overland_channel/OCmod.f90,subroutine,142,194,False,1,src/frame/FRmod.f90,0,
INITIALISE_OCSIM_WORKSPACE,OCmod,src/overland_channel/OCmod.f90,subroutine,218,282,False,0,,0,
FINALISE_OCSIM_WORKSPACE,OCmod,src/overland_channel/OCmod.f90,subroutine,297,352,False,1,src/Shetran.f90,0,
OCSIM_WORKSPACE_HAS_ALLOCATIONS,OCmod,src/overland_channel/OCmod.f90,function,354,365,False,0,,0,
OCABC,OCmod,src/overland_channel/OCmod.f90,subroutine,444,588,False,0,,0,
JEOCBC,OCmod,src/overland_channel/OCmod.f90,subroutine,666,882,False,0,,0,
OCCHK0,OCmod,src/overland_channel/OCmod.f90,subroutine,910,997,False,0,,0,
OCCHK1,OCmod,src/overland_channel/OCmod.f90,subroutine,1024,1098,False,0,,0,
OCCHK2,OCmod,src/overland_channel/OCmod.f90,subroutine,1140,1246,False,0,,0,
OCEXT,OCmod,src/overland_channel/OCmod.f90,subroutine,1266,1292,False,0,,0,
OCIND,OCmod,src/overland_channel/OCmod.f90,subroutine,1362,1457,False,0,,0,
OCLTL,OCmod,src/overland_channel/OCmod.f90,subroutine,1489,1544,False,1,src/frame/FRmod.f90,0,
OCPLF,OCmod,src/overland_channel/OCmod.f90,subroutine,1599,1794,False,0,,0,
OCPRI,OCmod,src/overland_channel/OCmod.f90,subroutine,1822,1851,False,0,,0,
OCREAD,OCmod,src/overland_channel/OCmod.f90,subroutine,1893,2074,False,0,,0,
OCSIM,OCmod,src/overland_channel/OCmod.f90,subroutine,2206,2431,False,1,src/driver/run_sim.f90,0,
OCXS,OCmod,src/overland_channel/OCmod.f90,subroutine,2546,2623,False,0,,0,
LINKNO,OCmod,src/overland_channel/OCmod.f90,function,2638,2673,False,1,src/frame/FRmod.f90,0,
gethrf,OCmod2,src/overland_channel/OCmod2.f90,function,99,107,False,7,src/driver/rest.f90;src/driver/run_sim.f90;src/evapotranspiration/ETmod.f90;src/frame/FRmod.f90;src/overland_channel/OCQDQMOD.F90;src/overland_channel/OCmod.f90;src/subsurface/VSmod.f90,0,
sethrf,OCmod2,src/overland_channel/OCmod2.f90,subroutine,112,121,False,2,src/frame/FRmod.f90;src/overland_channel/OCmod.f90,0,
getqsa,OCmod2,src/overland_channel/OCmod2.f90,function,128,137,False,1,src/overland_channel/OCmod.f90,0,
setqsa,OCmod2,src/overland_channel/OCmod2.f90,subroutine,142,152,False,3,src/frame/FRmod.f90;src/overland_channel/OCQDQMOD.F90;src/overland_channel/OCmod.f90,0,
initialise_ocmod,OCmod2,src/overland_channel/OCmod2.f90,subroutine,176,187,False,1,src/overland_channel/OCmod.f90,0,
OCNODE,OCmod2,src/overland_channel/OCmod2.f90,subroutine,267,359,False,0,,0,
FNODE,OCmod2,src/overland_channel/OCmod2.f90,subroutine,406,442,False,0,,0,
OCCODE,OCmod2,src/overland_channel/OCmod2.f90,subroutine,508,545,False,0,,0,
OCQBC,OCmod2,src/overland_channel/OCmod2.f90,subroutine,635,749,False,1,src/overland_channel/OCQDQMOD.F90,0,
OCQBNK,OCmod2,src/overland_channel/OCmod2.f90,subroutine,833,904,False,1,src/overland_channel/OCQDQMOD.F90,0,
OCQGRD,OCmod2,src/overland_channel/OCmod2.f90,subroutine,996,1064,False,1,src/overland_channel/OCQDQMOD.F90,0,
OCQLNK,OCmod2,src/overland_channel/OCmod2.f90,subroutine,1149,1235,False,1,src/overland_channel/OCQDQMOD.F90,0,
OCQMLN,OCmod2,src/overland_channel/OCmod2.f90,subroutine,1320,1389,False,1,src/overland_channel/OCQDQMOD.F90,0,
CONVEYAN,OCmod2,src/overland_channel/OCmod2.f90,subroutine,1422,1491,False,1,src/overland_channel/OCmod.f90,0,
QWEIR,OCmod2,src/overland_channel/OCmod2.f90,subroutine,1555,1603,False,0,,0,
OCFIX,OCmod2,src/overland_channel/OCmod2.f90,subroutine,1694,1902,False,1,src/overland_channel/OCmod.f90,0,
ReadZQTable,ZQmod,src/overland_channel/ZQmod.f90,subroutine,115,300,False,1,src/frame/FRmod.f90,0,
get_ZQTable_value,ZQmod,src/overland_channel/ZQmod.f90,function,328,383,False,1,src/overland_channel/OCmod2.f90,0,
MAX_ACTIVE_ROW_WIDTH,OC_ROW_WIDTH,src/overland_channel/oc_row_width.f90,function,42,62,False,1,src/overland_channel/OCmod.f90,0,
INITIALISE_SYMAIN_WORKSPACE,SYmod,src/sediment/SYmod.f90,subroutine,232,284,False,0,,0,
SYACKW,SYmod,src/sediment/SYmod.f90,subroutine,361,520,False,0,,0,
FDGR,SYmod,src/sediment/SYmod.f90,function,507,511,True,0,,0,
FA,SYmod,src/sediment/SYmod.f90,function,514,518,True,0,,0,
SYBC,SYmod,src/sediment/SYmod.f90,subroutine,528,530,False,0,,0,
SYBED,SYmod,src/sediment/SYmod.f90,subroutine,576,663,False,0,,0,
SYBKER,SYmod,src/sediment/SYmod.f90,subroutine,703,762,False,0,,0,
SYCLTR,SYmod,src/sediment/SYmod.f90,subroutine,837,1055,False,0,,0,
SYCOLM,SYmod,src/sediment/SYmod.f90,subroutine,1139,1296,False,0,,0,
SYCRIT,SYmod,src/sediment/SYmod.f90,subroutine,1353,1401,False,0,,0,
SYDR,SYmod,src/sediment/SYmod.f90,function,1446,1517,False,0,,0,
SYENGH,SYmod,src/sediment/SYmod.f90,subroutine,1555,1622,False,0,,0,
SYERR0,SYmod,src/sediment/SYmod.f90,subroutine,1648,1750,False,0,,0,
SYERR1,SYmod,src/sediment/SYmod.f90,subroutine,1787,2070,False,0,,0,
SYERR2,SYmod,src/sediment/SYmod.f90,subroutine,2111,2431,False,0,,0,
SYERR3,SYmod,src/sediment/SYmod.f90,subroutine,2471,2684,False,0,,0,
FNQOUT,SYmod,src/sediment/SYmod.f90,function,2678,2682,True,0,,0,
SYFINE,SYmod,src/sediment/SYmod.f90,subroutine,2747,2813,False,0,,0,
SYINIT,SYmod,src/sediment/SYmod.f90,subroutine,2863,2990,False,0,,0,
SYLINK,SYmod,src/sediment/SYmod.f90,subroutine,3076,3236,False,0,,0,
SYMAIN,SYmod,src/sediment/SYmod.f90,subroutine,3295,3656,False,1,src/driver/run_sim.f90,0,
SYOVER,SYmod,src/sediment/SYmod.f90,subroutine,3711,3806,False,0,,0,
SYOVTR,SYmod,src/sediment/SYmod.f90,subroutine,3867,3970,False,0,,0,
SYREAD,SYmod,src/sediment/SYmod.f90,subroutine,4003,4353,False,0,,0,
SYWAT,SYmod,src/sediment/SYmod.f90,subroutine,4413,4660,False,0,,0,
FQOUT,SYmod,src/sediment/SYmod.f90,function,4654,4658,True,0,,0,
BALSED,SYmod,src/sediment/SYmod.f90,subroutine,4668,4669,False,1,src/driver/run_sim.f90,0,
initialise_smmod,SMmod,src/snow/SMmod.f90,subroutine,116,130,False,0,,0,
SM,SMmod,src/snow/SMmod.f90,subroutine,306,539,False,0,,0,
SMET,SMmod,src/snow/SMmod.f90,subroutine,592,669,False,0,,0,
SMIN,SMmod,src/snow/SMmod.f90,subroutine,700,754,False,1,src/evapotranspiration/ETmod.f90,0,
initialise_vsmod,VSmod,src/subsurface/VSmod.f90,subroutine,312,322,False,0,,0,
initialise_vsread_buffers,VSmod,src/subsurface/VSmod.f90,subroutine,344,373,False,0,,0,
VSBC,VSmod,src/subsurface/VSmod.f90,subroutine,471,590,False,0,,0,
VSCOEF,VSmod,src/subsurface/VSmod.f90,subroutine,680,886,False,0,,0,
VSCOLM,VSmod,src/subsurface/VSmod.f90,subroutine,989,1219,False,0,,0,
VSCONC,VSmod,src/subsurface/VSmod.f90,subroutine,1297,1798,False,0,,0,
FNCELL,VSmod,src/subsurface/VSmod.f90,function,1790,1796,True,0,,0,
VSCONL,VSmod,src/subsurface/VSmod.f90,subroutine,1869,2110,False,0,,0,
VSFUNC,VSmod,src/subsurface/VSmod.f90,subroutine,2188,2330,False,0,,0,
VSIN,VSmod,src/subsurface/VSmod.f90,subroutine,2394,2613,False,1,src/frame/FRmod.f90,0,
ABORT_VSIN,VSmod,src/subsurface/VSmod.f90,subroutine,2605,2611,True,0,,0,
VSINTC,VSmod,src/subsurface/VSmod.f90,subroutine,2692,2806,False,0,,0,
VSLOWR,VSmod,src/subsurface/VSmod.f90,subroutine,2864,2914,False,0,,0,
VSMB,VSmod,src/subsurface/VSmod.f90,subroutine,2974,3094,False,0,,0,
VSPREP,VSmod,src/subsurface/VSmod.f90,subroutine,3153,3284,False,0,,0,
VSREAD,VSmod,src/subsurface/VSmod.f90,subroutine,3366,4009,False,0,,0,
VSSAI,VSmod,src/subsurface/VSmod.f90,subroutine,4067,4136,False,0,,0,
VSSIM,VSmod,src/subsurface/VSmod.f90,subroutine,4259,4626,False,1,src/driver/run_sim.f90,0,
VSSOIL,VSmod,src/subsurface/VSmod.f90,subroutine,4695,4923,False,0,,0,
VSSPR,VSmod,src/subsurface/VSmod.f90,subroutine,4971,5007,False,0,,0,
VSUPPR,VSmod,src/subsurface/VSmod.f90,subroutine,5069,5112,False,0,,0,
VSWELL,VSmod,src/subsurface/VSmod.f90,subroutine,5170,5228,False,0,,0,
err_set_wait_on_exit,mod_error,src/util/mod_error.f90,subroutine,108,112,False,0,,0,
errstat_fileopen,mod_error,src/util/mod_error.f90,subroutine,129,143,False,3,src/driver/run_sim.f90;src/frame/FRmod.f90;src/overland_channel/ZQmod.f90,0,
errstat_fileclose,mod_error,src/util/mod_error.f90,subroutine,167,202,False,6,src/frame/FRmod.f90;src/nitrate/MNmod.f90;src/overland_channel/ZQmod.f90;src/util/mod_load_filedata.f90;src/visualisation/visualisation_metadata.f90;src/visualisation/visualisation_read.f90,0,
errstat_alloc,mod_error,src/util/mod_error.f90,subroutine,219,233,False,25,src/contaminant/CONT_CC.F90;src/contaminant/column/colm_cg.f90;src/contaminant/column/colm_co.f90;src/core/state/AL_C.F90;src/driver/rest.f90;src/driver/run_sim.f90;src/evapotranspiration/ETmod.f90;src/frame/FRmod.f90;src/nitrate/MNmod.f90;src/overland_channel/OCmod.f90;src/overland_channel/OCmod2.f90;src/overland_channel/ZQmod.f90;src/sediment/SYmod.f90;src/snow/SMmod.f90;src/subsurface/VSmod.f90;src/visualisation/visualisation_extras.f90;src/visualisation/visualisation_hdf5.f90;src/visualisation/visualisation_interface_centre.f90;src/visualisation/visualisation_interface_left.f90;src/visualisation/visualisation_interface_right.f90;src/visualisation/visualisation_map.f90;src/visualisation/visualisation_metadata.f90;src/visualisation/visualisation_pass.f90;src/visualisation/visualisation_read_parser.f90;src/visualisation/visualisation_structure.f90,0,
errstat_dealloc,mod_error,src/util/mod_error.f90,subroutine,250,264,False,17,src/contaminant/column/colm_cg.f90;src/driver/rest.f90;src/driver/run_sim.f90;src/frame/FRmod.f90;src/nitrate/MNmod.f90;src/overland_channel/OCmod.f90;src/overland_channel/OCmod2.f90;src/snow/SMmod.f90;src/subsurface/VSmod.f90;src/visualisation/visualisation_extras.f90;src/visualisation/visualisation_hdf5.f90;src/visualisation/visualisation_interface_left.f90;src/visualisation/visualisation_interface_right.f90;src/visualisation/visualisation_map.f90;src/visualisation/visualisation_metadata.f90;src/visualisation/visualisation_read_parser.f90;src/visualisation/visualisation_structure.f90,0,
errstat_read,mod_error,src/util/mod_error.f90,subroutine,283,300,False,7,src/driver/rest.f90;src/frame/FRmod.f90;src/overland_channel/OCmod.f90;src/overland_channel/ZQmod.f90;src/subsurface/VSmod.f90;src/util/utilsmod.f90;src/visualisation/visualisation_interface_left.f90,0,
errstat_write,mod_error,src/util/mod_error.f90,subroutine,317,332,False,4,src/driver/run_sim.f90;src/frame/FRmod.f90;src/nitrate/MNmod.f90;src/overland_channel/ZQmod.f90,0,
errstat_rewind,mod_error,src/util/mod_error.f90,subroutine,354,389,False,5,src/driver/run_sim.f90;src/frame/FRmod.f90;src/overland_channel/OCmod.f90;src/overland_channel/ZQmod.f90;src/visualisation/visualisation_interface_left.f90,0,
RAISE_ERROR,mod_error,src/util/mod_error.f90,subroutine,487,627,False,13,src/contaminant/CMmod.f90;src/driver/rest.f90;src/driver/run_sim.f90;src/evapotranspiration/ETmod.f90;src/frame/FRmod.f90;src/nitrate/MNmod.f90;src/overland_channel/OCmod.f90;src/overland_channel/OCmod2.f90;src/sediment/SYmod.f90;src/subsurface/VSmod.f90;src/util/mod_load_filedata.f90;src/util/utilsmod.f90;src/visualisation/visualisation_interface_left.f90,0,
ERR_STOP,mod_error,src/util/mod_error.f90,subroutine,654,675,False,6,src/driver/rest.f90;src/frame/FRmod.f90;src/overland_channel/OCmod.f90;src/snow/SMmod.f90;src/subsurface/VSmod.f90;src/util/utilsmod.f90,0,
ALALLF,mod_load_filedata,src/util/mod_load_filedata.f90,subroutine,124,323,False,2,src/nitrate/MNmod.f90;src/sediment/SYmod.f90,0,
ALALLI,mod_load_filedata,src/util/mod_load_filedata.f90,subroutine,351,458,False,2,src/contaminant/CMmod.f90;src/nitrate/MNmod.f90,0,
ALBANK,mod_load_filedata,src/util/mod_load_filedata.f90,subroutine,481,542,False,0,,0,
ALCHK,mod_load_filedata,src/util/mod_load_filedata.f90,subroutine,588,749,False,5,src/evapotranspiration/ETmod.f90;src/frame/FRmod.f90;src/nitrate/MNmod.f90;src/overland_channel/OCmod.f90;src/sediment/SYmod.f90,0,
ALCHKI,mod_load_filedata,src/util/mod_load_filedata.f90,subroutine,788,947,False,4,src/frame/FRmod.f90;src/nitrate/MNmod.f90;src/overland_channel/OCmod.f90;src/sediment/SYmod.f90,0,
ALINTP,mod_load_filedata,src/util/mod_load_filedata.f90,subroutine,990,1073,False,2,src/frame/FRmod.f90;src/nitrate/MNmod.f90,0,
ALREAD,mod_load_filedata,src/util/mod_load_filedata.f90,subroutine,1124,1342,False,2,src/sediment/SYmod.f90;src/subsurface/VSmod.f90,0,
throw_fatal,mod_load_filedata,src/util/mod_load_filedata.f90,subroutine,1335,1340,True,0,,0,
ALRED2,mod_load_filedata,src/util/mod_load_filedata.f90,subroutine,1375,1437,False,2,src/contaminant/CMmod.f90;src/nitrate/MNmod.f90,0,
ALREDC,mod_load_filedata,src/util/mod_load_filedata.f90,subroutine,1460,1510,False,2,src/contaminant/CMmod.f90;src/nitrate/MNmod.f90,0,
ALREDF,mod_load_filedata,src/util/mod_load_filedata.f90,subroutine,1532,1615,False,2,src/contaminant/CMmod.f90;src/nitrate/MNmod.f90,0,
ALREDI,mod_load_filedata,src/util/mod_load_filedata.f90,subroutine,1644,1737,False,2,src/contaminant/CMmod.f90;src/nitrate/MNmod.f90,0,
ALREDL,mod_load_filedata,src/util/mod_load_filedata.f90,subroutine,1756,1807,False,2,src/contaminant/CMmod.f90;src/nitrate/MNmod.f90,0,
ALSPRD,mod_load_filedata,src/util/mod_load_filedata.f90,subroutine,1833,1879,False,1,src/subsurface/VSmod.f90,0,
ALTRAP,mod_load_filedata,src/util/mod_load_filedata.f90,subroutine,1903,1918,False,1,src/Shetran.f90,0,
eqmarker,tolerance_testing,src/util/tolerance_testing.f90,function,61,64,False,3,src/overland_channel/OCmod.f90;src/sediment/SYmod.f90;src/subsurface/VSmod.f90,0,
gtzero,tolerance_testing,src/util/tolerance_testing.f90,function,83,86,False,7,src/contaminant/CMmod.f90;src/evapotranspiration/ETmod.f90;src/overland_channel/OCmod.f90;src/overland_channel/OCmod2.f90;src/sediment/SYmod.f90;src/snow/SMmod.f90;src/subsurface/VSmod.f90,0,
gezero,tolerance_testing,src/util/tolerance_testing.f90,function,104,107,False,3,src/contaminant/CMmod.f90;src/sediment/SYmod.f90;src/subsurface/VSmod.f90,0,
ltzero,tolerance_testing,src/util/tolerance_testing.f90,function,125,128,False,4,src/contaminant/CMmod.f90;src/evapotranspiration/ETmod.f90;src/snow/SMmod.f90;src/subsurface/VSmod.f90,0,
lezero,tolerance_testing,src/util/tolerance_testing.f90,function,146,149,False,2,src/evapotranspiration/ETmod.f90;src/snow/SMmod.f90,0,
iszero,tolerance_testing,src/util/tolerance_testing.f90,function,167,170,False,7,src/contaminant/CMmod.f90;src/overland_channel/OCmod.f90;src/overland_channel/OCmod2.f90;src/sediment/SYmod.f90;src/snow/SMmod.f90;src/subsurface/VSmod.f90;src/util/utilsmod.f90,0,
iszero_a,tolerance_testing,src/util/tolerance_testing.f90,function,194,202,False,1,src/util/utilsmod.f90,0,
i_iszero_a2,tolerance_testing,src/util/tolerance_testing.f90,function,226,236,False,1,src/util/utilsmod.f90,0,
notzero,tolerance_testing,src/util/tolerance_testing.f90,function,254,257,False,8,src/contaminant/CMmod.f90;src/evapotranspiration/ETmod.f90;src/frame/FRmod.f90;src/overland_channel/OCmod.f90;src/overland_channel/OCmod2.f90;src/sediment/SYmod.f90;src/subsurface/VSmod.f90;src/util/utilsmod.f90,0,
isone,tolerance_testing,src/util/tolerance_testing.f90,function,280,283,False,2,src/sediment/SYmod.f90;src/subsurface/VSmod.f90,0,
notone,tolerance_testing,src/util/tolerance_testing.f90,function,306,309,False,2,src/sediment/SYmod.f90;src/subsurface/VSmod.f90,0,
idimje,tolerance_testing,src/util/tolerance_testing.f90,function,336,344,False,4,src/contaminant/CMmod.f90;src/frame/FRmod.f90;src/sediment/SYmod.f90;src/util/mod_load_filedata.f90,0,
dimje,tolerance_testing,src/util/tolerance_testing.f90,function,367,376,False,3,src/overland_channel/OCmod2.f90;src/sediment/SYmod.f90;src/subsurface/VSmod.f90,0,
dcopy,utilsmod,src/util/utilsmod.f90,subroutine,54,95,False,4,src/contaminant/CMmod.f90;src/evapotranspiration/ETmod.f90;src/sediment/SYmod.f90;src/subsurface/VSmod.f90,0,
FINPUT,utilsmod,src/util/utilsmod.f90,subroutine,147,227,False,2,src/overland_channel/OCmod.f90;src/subsurface/VSmod.f90,0,
HINPUT,utilsmod,src/util/utilsmod.f90,subroutine,279,349,False,2,src/overland_channel/OCmod.f90;src/subsurface/VSmod.f90,0,
hour_from_date,utilsmod,src/util/utilsmod.f90,function,386,427,False,3,src/driver/rest.f90;src/frame/FRmod.f90;src/nitrate/MNmod.f90,0,
days_in_years_since_1950,utilsmod,src/util/utilsmod.f90,function,433,458,False,0,,0,
is_leap,utilsmod,src/util/utilsmod.f90,function,465,482,False,0,,0,
days_to_start_month,utilsmod,src/util/utilsmod.f90,function,489,508,False,0,,0,
date_from_hour,utilsmod,src/util/utilsmod.f90,function,516,557,False,1,src/frame/FRmod.f90,0,
jematmul_mm,utilsmod,src/util/utilsmod.f90,function,575,603,False,1,src/overland_channel/OCmod.f90,0,
jematmul_vm,utilsmod,src/util/utilsmod.f90,function,615,637,False,1,src/overland_channel/OCmod.f90,0,
TERPO1,utilsmod,src/util/utilsmod.f90,subroutine,689,735,False,1,src/driver/rest.f90,0,
TRIDAG,utilsmod,src/util/utilsmod.f90,subroutine,762,799,False,3,src/contaminant/CMmod.f90;src/nitrate/MNmod.f90;src/subsurface/VSmod.f90,0,
invertmat,utilsmod,src/util/utilsmod.f90,subroutine,832,894,False,1,src/overland_channel/OCmod.f90,0,
lubksb,utilsmod,src/util/utilsmod.f90,subroutine,925,977,False,0,,0,
ludcmp,utilsmod,src/util/utilsmod.f90,subroutine,1011,1096,False,0,,0,
AREADI,utilsmod,src/util/utilsmod.f90,subroutine,1151,1280,False,2,src/frame/FRmod.f90;src/overland_channel/OCmod.f90,0,
AREADR,utilsmod,src/util/utilsmod.f90,subroutine,1340,1459,False,2,src/frame/FRmod.f90;src/overland_channel/OCmod.f90,0,
ran2,utilsmod,src/util/utilsmod.f90,function,1472,1551,False,0,,0,
