filename,current_dir,proposed_dir
Shetran.f90,src,src
mod_parameters.f90,src/parameters,src/core
sglobal.f90,src/parameters,src/core
AL_C.F90,src/parameters,src/core/state
AL_D.f90,src/parameters,src/core/state
AL_G.F90,src/parameters,src/core/state
getdirqq.f90,src/modules,src/driver
run_sim.f90,src/modules,src/driver
rest.f90,src/modules,src/driver
FRmod.f90,src/modules,src/frame
ETmod.f90,src/modules,src/evapotranspiration
SMmod.f90,src/modules,src/snow
VSmod.f90,src/modules,src/subsurface
OCmod.f90,src/modules,src/overland_channel
OCmod2.f90,src/modules,src/overland_channel
OCQDQMOD.F90,src/modules,src/overland_channel
oc_row_width.f90,src/modules,src/overland_channel
ZQmod.f90,src/modules,src/overland_channel
SYmod.f90,src/modules,src/sediment
CONST_SY.F90,src/parameters,src/sediment
SED_CS.F90,src/parameters,src/sediment
CMmod.f90,src/modules,src/contaminant
CONT_CC.F90,src/parameters,src/contaminant
is_cc.f90,src/parameters,src/contaminant
plant_cc.f90,src/parameters,src/contaminant
sed_co.f90,src/parameters,src/contaminant
colm_cc.f90,src/parameters,src/contaminant/column
colm_cc1.f90,src/parameters,src/contaminant/column
colm_c1.f90,src/parameters,src/contaminant/column
colm_c2.f90,src/parameters,src/contaminant/column
colm_cg.f90,src/parameters,src/contaminant/column
colm_co.f90,src/parameters,src/contaminant/column
link_cc.f90,src/parameters,src/contaminant/link
link_cc1.f90,src/parameters,src/contaminant/link
link_cw.f90,src/parameters,src/contaminant/link
bk_cw.f90,src/parameters,src/contaminant/
MNmod.f90,src/modules,src/nitrate
utilsmod.f90,src/modules,src/util
mod_error.f90,src/util,src/util
mod_load_filedata.f90,src/util,src/util
tolerance_testing.f90,src/util,src/util
visualisation_extras.f90,src/visualisation,src/visualisation
visualisation_hdf5.f90,src/visualisation,src/visualisation
visualisation_interface_centre.f90,src/visualisation,src/visualisation
visualisation_interface_far_right.f90,src/visualisation,src/visualisation
visualisation_interface_left.f90,src/visualisation,src/visualisation
visualisation_interface_right.f90,src/visualisation,src/visualisation
visualisation_map.f90,src/visualisation,src/visualisation
visualisation_metadata.f90,src/visualisation,src/visualisation
visualisation_pass.f90,src/visualisation,src/visualisation
visualisation_read.f90,src/visualisation,src/visualisation
visualisation_read_parser.f90,src/visualisation,src/visualisation
visualisation_structure.f90,src/visualisation,src/visualisation
